3rd age amulet,0
3rd age axe,0
3rd age bow,0
3rd age cloak,0
3rd age full helmet,8
3rd age kiteshield,8
3rd age longsword,0
3rd age mage hat,0
3rd age pickaxe,0
3rd age platebody,0
3rd age platelegs,0
3rd age range coif,0
3rd age range legs,0
3rd age range top,0
3rd age robe,0
3rd age robe top,0
3rd age vambraces,0
3rd age wand,0
A powdered wig,0
Abyssal bludgeon,8
Abyssal bracelet(5),0
Abyssal dagger,8
Abyssal dagger (p),8
Abyssal dagger (p+),8
Abyssal dagger (p++),8
Abyssal whip,70
Achey tree logs,0
Acorn,200
Adamant 2h sword,0
Adamant arrow,11,000
Adamant arrow(p),0
Adamant arrow(p+),0
Adamant arrow(p++),0
Adamant arrowtips,0
Adamant axe,40
Adamant battleaxe,125
Adamant bolts,11,000
Adamant bolts (p),0
Adamant bolts(p+),0
Adamant bolts(p++),0
Adamant bolts(unf),13,000
Adamant boots,0
Adamant brutal,0
Adamant cane,0
Adamant chainbody,0
Adamant claws,0
Adamant crossbow,40
Adamant crossbow (u),0
Adamant dagger,0
Adamant dagger(p),0
Adamant dagger(p+),0
Adamant dagger(p++),0
Adamant dart,11,000
Adamant dart tip,11,000
Adamant dart(p),0
Adamant dart(p+),0
Adamant dart(p++),0
Adamant full helm,125
Adamant full helm (g),0
Adamant full helm (t),0
Adamant gold-trimmed set (lg),9
Adamant gold-trimmed set (sk),9
Adamant halberd,0
Adamant hasta,0
Adamant hasta(p),0
Adamant hasta(p+),0
Adamant hasta(p++),0
Adamant helm (h1),0
Adamant helm (h2),0
Adamant helm (h3),0
Adamant helm (h4),0
Adamant helm (h5),0
Adamant javelin,0
Adamant javelin heads,0
Adamant javelin(p),0
Adamant javelin(p+),0
Adamant javelin(p++),0
Adamant kiteshield,125
Adamant kiteshield (g),0
Adamant kiteshield (t),0
Adamant knife,0
Adamant knife(p),0
Adamant knife(p+),0
Adamant knife(p++),0
Adamant longsword,0
Adamant mace,0
Adamant med helm,125
Adamant pickaxe,40
Adamant platebody,125
Adamant platebody (g),0
Adamant platebody (t),8
Adamant platelegs,125
Adamant platelegs (g),0
Adamant platelegs (t),0
Adamant plateskirt,125
Adamant plateskirt (g),0
Adamant plateskirt (t),0
Adamant scimitar,0
Adamant set (lg),0
Adamant set (sk),0
Adamant shield (h1),0
Adamant shield (h2),0
Adamant shield (h3),0
Adamant shield (h4),0
Adamant shield (h5),0
Adamant spear,0
Adamant spear(p),0
Adamant spear(p+),0
Adamant spear(p++),0
Adamant sq shield,125
Adamant sword,0
Adamant thrownaxe,0
Adamant trimmed set (lg),0
Adamant trimmed set (sk),0
Adamant warhammer,0
Adamantite bar,10,000
Adamantite limbs,0
Adamantite nails,0
Adamantite ore,4,500
Admiral pie,0
Afro,4
Agility mix(1),0
Agility mix(2),0
Agility potion(1),0
Agility potion(2),0
Agility potion(3),0
Agility potion(4),0
Ahrim's armour set,8
Ahrim's hood,10
Ahrim's hood 0,15
Ahrim's robeskirt,15
Ahrim's robeskirt 0,10
Ahrim's robetop,15
Ahrim's robetop 0,10
Ahrim's staff,15
Ahrim's staff 0,15
Air battlestaff,14,000
Air orb,10,000
Air rune,20,000
Air talisman,0
Air tiara,0
Airtight pot,0
Ale of the gods,4
Ale yeast,0
Amethyst,0
Amethyst arrow,11,000
Amethyst arrow(p),0
Amethyst arrow(p+),0
Amethyst arrow(p++),0
Amethyst arrowtips,10,000
Amethyst bolt tips,11,000
Amethyst broad bolts,11,000
Amethyst javelin,0
Amethyst javelin heads,0
Amethyst javelin(p),0
Amethyst javelin(p+),0
Amethyst javelin(p++),0
Amulet mould,0
Amulet of accuracy,0
Amulet of bounty,0
Amulet of chemistry,0
Amulet of defence,0
Amulet of eternal glory,0
Amulet of fury,8
Amulet of glory,10,000
Amulet of glory (t),0
Amulet of glory (t4),0
Amulet of glory (t6),0
Amulet of glory(4),10,000
Amulet of glory(6),10,000
Amulet of magic,125
Amulet of magic (t),0
Amulet of power,125
Amulet of strength,125
Amulet of the damned (full),0
Amulet of torture,8
Amylase crystal,11,000
Ancestral hat,8
Ancestral robe bottom,8
Ancestral robe top,8
Ancestral robes set,0
Anchovies,0
Anchovy pizza,0
Ancient blessing,5
Ancient bracers,0
Ancient chaps,0
Ancient cloak,8
Ancient coif,8
Ancient crozier,0
Ancient crystal,0
Ancient d'hide,8
Ancient d'hide boots,8
Ancient dragonhide set,0
Ancient emblem,0
Ancient full helm,0
Ancient kiteshield,0
Ancient mace,0
Ancient mitre,8
Ancient page 1,5
Ancient page 2,5
Ancient page 3,5
Ancient page 4,5
Ancient platebody,0
Ancient platelegs,0
Ancient plateskirt,2
Ancient robe legs,0
Ancient robe top,0
Ancient rune armour set (lg),0
Ancient rune armour set (sk),0
Ancient staff,70
Ancient statuette,0
Ancient stole,0
Ancient totem,0
Ancient wyvern shield,0
Anglerfish,10,000
Ankou gloves,0
Ankou mask,0
Ankou socks,4
Ankou top,0
Ankou's leggings,0
Annakarl teleport,0
Anti-dragon shield,125
Anti-poison supermix(1),0
Anti-poison supermix(2),0
Anti-venom(1),0
Anti-venom(2),0
Anti-venom(3),0
Anti-venom(4),2,000
Anti-venom+(1),0
Anti-venom+(2),0
Anti-venom+(3),0
Anti-venom+(4),0
Antidote+ mix(1),0
Antidote+ mix(2),0
Antidote+(1),0
Antidote+(2),0
Antidote+(3),0
Antidote+(4),0
Antidote++(1),0
Antidote++(2),0
Antidote++(3),0
Antidote++(4),4,000
Antifire mix(1),0
Antifire mix(2),0
Antifire potion(1),0
Antifire potion(2),0
Antifire potion(3),2,000
Antifire potion(4),2,000
Antipoison mix(1),0
Antipoison mix(2),0
Antipoison(1),0
Antipoison(2),0
Antipoison(3),0
Antipoison(4),0
Ape atoll teleport,0
Apple mush,0
Apple pie,0
Apple sapling,0
Apple tree seed,200
Apples(5),400
Apprentice wand,0
Arcane prayer scroll,8
Arcane sigil,0
Arcane spirit shield,8
Arceuus banner,0
Arceuus house hood,0
Arceuus house scarf,0
Archer helm,70
Archers ring,8
Archery ticket,18,000
Arctic pine logs,0
Arctic pyre logs,0
Ardougne teleport,0
Arena book,0
Armadyl bracers,0
Armadyl chainskirt,8
Armadyl chaps,0
Armadyl chestplate,8
Armadyl cloak,0
Armadyl coif,0
Armadyl crossbow,8
Armadyl crozier,0
Armadyl d'hide,8
Armadyl d'hide boots,8
Armadyl dragonhide set,0
Armadyl full helm,0
Armadyl godsword,8
Armadyl godsword ornament kit,4
Armadyl helmet,10
Armadyl hilt,0
Armadyl kiteshield,0
Armadyl mitre,0
Armadyl page 1,5
Armadyl page 2,5
Armadyl page 3,5
Armadyl page 4,5
Armadyl platebody,70
Armadyl platelegs,0
Armadyl plateskirt,0
Armadyl robe legs,0
Armadyl robe top,0
Armadyl rune armour set (lg),0
Armadyl rune armour set (sk),0
Armadyl stole,0
Arrow shaft,7,000
Asgarnian ale,0
Asgarnian ale,0
Asgarnian ale(4),0
Asgarnian ale(m),0
Asgarnian ale(m4),0
Asgarnian hops,0
Asgarnian seed,600
Ashes,0
Assorted flowers,0
Astral rune,10,000
Asyn remains,0
Attack mix(1),0
Attack mix(2),0
Attack potion(1),0
Attack potion(2),0
Attack potion(3),0
Attack potion(4),0
Avantoe,2,000
Avantoe potion (unf),10,000
Avantoe seed,0
Axeman's folly,0
Axeman's folly(4),0
Axeman's folly(m),0
Axeman's folly(m4),0
Baby impling jar,0
Babydragon bones,0
Bag of salt,0
Bagged bluebells,0
Bagged daffodils,0
Bagged dead tree,0
Bagged flower,0
Bagged magic tree,0
Bagged maple tree,0
Bagged marigolds,0
Bagged nice tree,0
Bagged oak tree,0
Bagged plant 1,0
Bagged plant 2,0
Bagged plant 3,0
Bagged roses,0
Bagged sunflower,0
Bagged willow tree,0
Bagged yew tree,0
Baked potato,0
Ball of wool,13,000
Ballista limbs,0
Ballista spring,0
Banana,13,000
Banana sapling,0
Banana stew,0
Banana tree seed,0
Bananas(5),0
Bandana eyepatch,0
Bandana eyepatch,0
Bandana eyepatch,0
Bandana eyepatch,0
Bandit's brew,0
Bandos boots,8
Bandos bracers,8
Bandos chaps,5
Bandos chestplate,8
Bandos cloak,0
Bandos coif,0
Bandos crozier,0
Bandos d'hide,8
Bandos d'hide boots,8
Bandos dragonhide set,0
Bandos full helm,0
Bandos godsword,8
Bandos godsword ornament kit,0
Bandos hilt,0
Bandos kiteshield,0
Bandos mitre,0
Bandos page 1,10
Bandos page 2,0
Bandos page 3,0
Bandos page 4,0
Bandos platebody,0
Bandos platelegs,0
Bandos plateskirt,0
Bandos robe legs,0
Bandos robe top,0
Bandos rune armour set (lg),0
Bandos rune armour set (sk),0
Bandos stole,0
Bandos tassets,8
Barb bolttips,0
Barb-tail harpoon,0
Barbed bolts,0
Bark,0
Barley,0
Barley malt,0
Barley seed,600
Barrel,0
Barrows teleport,10,000
Basket,0
Bass,0
Bat bones,0
Batta tin,0
Battlestaff,11,000
Beanie,0
Bear fur,0
Beer,4,000
Beer barrel,0
Beer glass,0
Beer tankard,0
Beginner wand,0
Belladonna seed,0
Berserker helm,70
Berserker necklace,0
Berserker ring,8
Big bones,3,000
Big fishing net,0
Big pirate hat,0
Binding necklace,125
Bird house,0
Bird nest,2,000
Bird snare,250
Black 2h sword,0
Black axe,40
Black battleaxe,0
Black bead,0
Black beret,0
Black boater,0
Black boots,0
Black brutal,0
Black cane,0
Black cape,0
Black cavalier,0
Black chainbody,0
Black chinchompa,10,000
Black claws,6
Black d'hide body,70
Black d'hide body (g),8
Black d'hide body (t),70
Black d'hide chaps,70
Black d'hide chaps (g),70
Black d'hide chaps (t),70
Black d'hide vamb,70
Black dagger,0
Black dagger(p),0
Black dagger(p+),0
Black dagger(p++),0
Black dart,0
Black dart(p),0
Black dart(p+),0
Black dart(p++),0
Black demon mask,0
Black desert robe,0
Black desert shirt,0
Black dragon leather,11,000
Black dragon mask,0
Black dragonhide,10,000
Black dragonhide set,0
Black elegant legs,0
Black elegant shirt,0
Black flowers,0
Black full helm,0
Black full helm (g),0
Black full helm (t),0
Black gold-trimmed set (lg),0
Black gold-trimmed set (sk),0
Black halberd,0
Black headband,0
Black helm (h1),0
Black helm (h2),0
Black helm (h3),0
Black helm (h4),0
Black helm (h5),0
Black kiteshield,0
Black kiteshield (g),0
Black kiteshield (t),0
Black knife,0
Black knife(p),0
Black knife(p+),0
Black knife(p++),0
Black leprechaun hat,0
Black longsword,0
Black mace,0
Black mask,10
Black mask (10),15
Black med helm,0
Black nails,0
Black pickaxe,40
Black platebody,0
Black platebody (g),0
Black platebody (t),0
Black platelegs,0
Black platelegs (g),0
Black platelegs (t),0
Black plateskirt,0
Black plateskirt (g),0
Black plateskirt (t),0
Black robe,0
Black salamander,0
Black scimitar,0
Black set (lg),0
Black set (sk),0
Black shield (h1),0
Black shield (h2),0
Black shield (h3),0
Black shield (h4),0
Black shield (h5),0
Black skirt,0
Black skirt (g),0
Black skirt (t),8
Black spear,0
Black spear(p),0
Black spear(p+),0
Black spear(p++),0
Black spiky vambs,0
Black sq shield,0
Black sword,0
Black tourmaline core,0
Black toy horsey,0
Black trimmed set (lg),0
Black trimmed set (sk),0
Black unicorn mask,0
Black warhammer,0
Black warlock,0
Black wizard hat (g),0
Black wizard hat (t),0
Black wizard robe (g),4
Black wizard robe (t),0
Blacksmith's helm,0
Blamish bark shell,0
Blamish blue shell,0
Blamish blue shell,0
Blamish myre shell,0
Blamish myre shell,0
Blamish ochre shell,0
Blamish ochre shell,0
Blamish red shell,0
Blamish red shell,0
Blessed spirit shield,8
Blood rune,10,000
Blood'n'tar snelm,0
Blood'n'tar snelm,0
Blue beret,0
Blue boater,4
Blue boots,0
Blue cape,0
Blue d'hide body,125
Blue d'hide body (g),125
Blue d'hide body (t),125
Blue d'hide chaps,125
Blue d'hide chaps (g),125
Blue d'hide chaps (t),125
Blue d'hide vamb,125
Blue dark bow paint,0
Blue dragon leather,13,000
Blue dragon mask,0
Blue dragon scale,0
Blue dragonhide,13,000
Blue dragonhide set,0
Blue dye,0
Blue elegant blouse,0
Blue elegant legs,0
Blue elegant shirt,0
Blue elegant skirt,0
Blue feather,8,000
Blue firelighter,0
Blue flowers,0
Blue halloween mask,5
Blue hat,0
Blue headband,0
Blue partyhat,5
Blue robe bottoms,0
Blue robe top,0
Blue skirt,0
Blue skirt (g),0
Blue skirt (t),0
Blue spiky vambs,0
Blue wizard hat,0
Blue wizard hat (g),0
Blue wizard hat (t),0
Blue wizard robe,250
Blue wizard robe (g),0
Blue wizard robe (t),0
Blurberry special,0
Bob's black shirt,4
Bob's blue shirt,4
Bob's green shirt,4
Bob's purple shirt,4
Bob's red shirt,4
Body rune,12,000
Body talisman,0
Body tiara,0
Bolt mould,0
Bolt of cloth,0
Bolt rack,11,000
Bone bolts,11,000
Bone club,0
Bone dagger,0
Bone dagger (p),0
Bone dagger (p+),0
Bone dagger (p++),0
Bone spear,50
Bones,7,500
Bones to bananas,0
Bones to peaches,10,000
Book of balance page set,5
Book of darkness page set,0
Book of law page set,5
Book of war page set,0
Bookcase,0
Boots of darkness,0
Botanical pie,0
Bottle of wine,0
Bounty teleport scroll,0
Bow string,13,000
Bowl,0
Bowl of hot water,0
Bowl of water,0
Bowl wig,0
Box trap,0
Bracelet mould,0
Bracelet of clay,0
Bracelet of ethereum (uncharged),0
Bracelet of slaughter,0
Brandy,0
Brass key,0
Brass necklace,150
Bread,0
Bread dough,0
Briefcase,0
Brine sabre,8
Broad arrowheads,0
Broad bolts,7,000
Broken bark snelm,0
Bronze 2h sword,0
Bronze arrow,7,000
Bronze arrow(p),7,000
Bronze arrow(p+),7,000
Bronze arrow(p++),7,000
Bronze arrowtips,0
Bronze axe,40
Bronze bar,0
Bronze battleaxe,0
Bronze bolts,0
Bronze bolts (unf),0
Bronze bolts(p),0
Bronze bolts(p+),0
Bronze bolts(p++),0
Bronze boots,0
Bronze brutal,0
Bronze chainbody,0
Bronze claws,0
Bronze crossbow,0
Bronze crossbow (u),0
Bronze dagger,0
Bronze dagger(p),0
Bronze dagger(p+),0
Bronze dagger(p++),0
Bronze dart,7,000
Bronze dart tip,11,000
Bronze dart(p),0
Bronze dart(p+),0
Bronze dart(p++),0
Bronze dragon mask,0
Bronze full helm,0
Bronze full helm (g),0
Bronze full helm (t),0
Bronze gold-trimmed set (lg),8
Bronze gold-trimmed set (sk),8
Bronze halberd,15
Bronze hasta,0
Bronze hasta(p),0
Bronze hasta(p+),0
Bronze hasta(p++),0
Bronze javelin,0
Bronze javelin heads,0
Bronze javelin(p),0
Bronze javelin(p+),0
Bronze javelin(p++),0
Bronze kiteshield,0
Bronze kiteshield (g),0
Bronze kiteshield (t),0
Bronze knife,0
Bronze knife(p),0
Bronze knife(p+),0
Bronze knife(p++),0
Bronze limbs,0
Bronze longsword,0
Bronze mace,0
Bronze med helm,0
Bronze nails,0
Bronze pickaxe,40
Bronze platebody,0
Bronze platebody (g),0
Bronze platebody (t),0
Bronze platelegs,0
Bronze platelegs (g),0
Bronze platelegs (t),0
Bronze plateskirt,0
Bronze plateskirt (g),0
Bronze plateskirt (t),0
Bronze scimitar,0
Bronze set (lg),0
Bronze set (sk),0
Bronze spear,0
Bronze spear(p),0
Bronze spear(p+),0
Bronze spear(p++),0
Bronze sq shield,0
Bronze sword,0
Bronze thrownaxe,0
Bronze trimmed set (lg),0
Bronze trimmed set (sk),0
Bronze warhammer,0
Bronze wire,0
Broodoo shield,0
Broodoo shield,0
Broodoo shield,0
Broodoo shield (10),0
Broodoo shield (10),0
Broodoo shield (10),0
Brown apron,0
Brown headband,0
Brown toy horsey,0
Bruise blue snelm,0
Bruise blue snelm,0
Bucket,13,000
Bucket helm,0
Bucket helm (g),4
Bucket of milk,0
Bucket of sand,13,000
Bucket of sap,0
Bucket of water,13,000
Bucket of wax,0
Bullseye lantern,0
Bullseye lantern (empty),0
Bullseye lantern (unf),0
Burning amulet(5),500
Burnt bones,0
Burnt page,11,000
Butterfly jar,0
Butterfly net,125
Cabbage,0
Cabbage round shield,0
Cabbage seed,0
Cabbages(10),0
Cactus seed,0
Cactus spine,0
Cadantine,2,000
Cadantine potion (unf),0
Cadantine seed,0
Cadava berries,0
Cadavaberry seed,600
Cake,0
Cake tin,0
Calcite,0
Calquat fruit,0
Calquat keg,0
Calquat sapling,0
Calquat tree seed,200
Camelot teleport,0
Candle,0
Candle lantern,0
Candle lantern,0
Cannon barrels,0
Cannon base,0
Cannon furnace,8
Cannon stand,0
Cannonball,7,000
Carrallangar teleport,0
Carved oak bench,0
Carved oak magic wardrobe,0
Carved oak table,0
Carved teak bench,0
Carved teak magic wardrobe,0
Carved teak table,0
Casket,0
Castle wars bracelet(3),0
Cat mask,0
Cavalier mask,0
Cave eel,0
Cave goblin wire,0
Caviar,0
Cemetery teleport,0
Chaos rune,12,000
Chaos talisman,0
Chaos tiara,0
Charcoal,0
Charge dragonstone jewellery scroll,0
Cheese,0
Cheese+tom batta,0
Chef's delight,0
Chef's delight,0
Chef's delight(4),0
Chef's delight(m),0
Chef's delight(m4),0
Chef's hat,150
Chilli con carne,0
Chilli potato,0
Chinchompa,7,000
Chisel,0
Choc saturday,0
Choc-ice,0
Chocchip crunchies,0
Chocolate bar,13,000
Chocolate bomb,0
Chocolate cake,0
Chocolate dust,13,000
Chopped garlic,0
Chopped onion,0
Chopped tomato,0
Chopped tuna,0
Chopped ugthanki,0
Christmas cracker,0
Cider,0
Cider barrel,0
Cider(4),0
Cider(m4),0
Circular hide,0
Citizen shoes,0
Citizen top,0
Citizen trousers,0
Clay,13,000
Cleaning cloth,0
Cleaver,0
Climbing boots,15
Clockwork,0
Clue box,0
Coal,13,000
Cocktail glass,0
Cocktail guide,0
Cocktail shaker,0
Coconut,11,000
Coconut milk,0
Cod,0
Coif,125
Combat bracelet,0
Combat bracelet(4),0
Combat bracelet(6),100
Combat mix(1),0
Combat mix(2),0
Combat potion set,0
Combat potion(1),0
Combat potion(2),0
Combat potion(3),0
Combat potion(4),0
Common kebbit fur,0
Comp ogre bow,0
Compost,600
Compost potion(1),50
Compost potion(2),50
Compost potion(3),50
Compost potion(4),50
Cooked chicken,0
Cooked chompy,0
Cooked chompy,0
Cooked crab meat,0
Cooked jubbly,0
Cooked karambwan,10,000
Cooked meat,0
Cooked oomlie wrap,0
Cooked rabbit,0
Cooked slimy eel,0
Cooked sweetcorn,0
Cooking apple,13,000
Copper ore,13,000
Cornflour,0
Cosmic rune,12,000
Cosmic talisman,5,000
Cosmic tiara,0
Cowhide,10,000
Cream boots,0
Cream hat,0
Cream robe bottoms,0
Cream robe top,0
Crier bell,0
Crier coat,0
Crier hat,0
Crossbow,0
Crossbow string,0
Crude chair,0
Crunchy tray,0
Crushed nest,10,000
Crystal ball,0
Crystal key,0
Crystal of power,0
Crystal seed,0
Cup of hot water,0
Cup of tea,0
Cup of water,0
Cured yak-hide,0
Curry,0
Curry leaf,0
Curry sapling,0
Curry tree seed,0
Cyclops head,0
Dagannoth bones,7,500
Dagannoth hide,0
Damaged monkey tail,0
Dareeyak teleport,0
Dark bow,8
Dark bow tie,0
Dark cavalier,0
Dark crab,10,000
Dark fishing bait,8,000
Dark 0inity colour kit,4
Dark kebbit fur,0
Dark trousers,0
Dark tuxedo cuffs,0
Dark tuxedo jacket,4
Dark tuxedo shoes,0
Dashing kebbit fur,0
Death rune,10,000
Death talisman,0
Death tiara,0
Deerstalker,0
Defence mix(1),0
Defence mix(2),0
Defence potion(1),0
Defence potion(2),0
Defence potion(3),0
Defence potion(4),0
Desert boots,0
Desert camo legs,0
Desert camo top,0
Desert devil fur,0
Desert goat horn,13,000
Desert legs,0
Desert robe,0
Desert robes,0
Desert shirt,0
Desert top,0
Desert top,0
Dexterous prayer scroll,8
Dharok's armour set,8
Dharok's greataxe,10
Dharok's greataxe 0,0
Dharok's helm,10
Dharok's helm 0,0
Dharok's platebody,15
Dharok's platebody 0,0
Dharok's platelegs,10
Dharok's platelegs 0,0
Diamond,10,000
Diamond amulet,0
Diamond amulet (u),0
Diamond bolt tips,11,000
Diamond bolts,11,000
Diamond bolts (e),11,000
Diamond bracelet,0
Diamond necklace,0
Diamond ring,0
Digsite teleport,0
Dinh's bulwark,8
Disk of returning,5
Dodgy necklace,0
Doogle leaves,0
Dorgeshuun crossbow,0
Double eye patch,0
Draconic visage,0
Dragon 2h sword,8
Dragon arrow,11,000
Dragon arrow(p),11,000
Dragon arrow(p+),11,000
Dragon arrow(p++),11,000
Dragon arrowtips,0
Dragon axe,40
Dragon battleaxe,70
Dragon bitter,0
Dragon bitter,0
Dragon bitter(4),0
Dragon bitter(m),0
Dragon bitter(m4),0
Dragon bolt tips,0
Dragon bolts,11,000
Dragon bolts (e),11,000
Dragon bones,7,500
Dragon boots,70
Dragon cane,0
Dragon chainbody,70
Dragon chainbody ornament kit,0
Dragon claws,8
Dragon dagger,70
Dragon dagger(p),70
Dragon dagger(p+),0
Dragon dagger(p++),70
Dragon dart,11,000
Dragon dart tip,11,000
Dragon dart(p),7,000
Dragon dart(p+),7,000
Dragon dart(p++),7,000
Dragon defender ornament kit,4
Dragon full helm,8
Dragon full helm ornament kit,0
Dragon halberd,70
Dragon harpoon,5
Dragon hunter crossbow,8
Dragon impling jar,500
Dragon javelin,10,000
Dragon javelin heads,11,000
Dragon javelin(p),0
Dragon javelin(p+),0
Dragon javelin(p++),0
Dragon legs/skirt ornament kit,0
Dragon longsword,70
Dragon mace,70
Dragon med helm,8
Dragon necklace,0
Dragon pickaxe,40
Dragon pickaxe upgrade kit,0
Dragon platelegs,0
Dragon plateskirt,0
Dragon scale dust,13,000
Dragon scimitar,70
Dragon scimitar ornament kit,6
Dragon spear,70
Dragon spear(p),70
Dragon spear(p+),70
Dragon spear(p++),70
Dragon sq shield,0
Dragon sq shield ornament kit,0
Dragon sword,8
Dragon thrownaxe,0
Dragon warhammer,8
Dragonfire shield,8
Dragonstone,0
Dragonstone amulet,0
Dragonstone amulet (u),0
Dragonstone bracelet,0
Dragonstone ring,100
Draynor manor teleport,0
Drift net,0
Druid's robe,0
Druid's robe top,0
Drunk dragon,0
Dust battlestaff,8
Dust rune,12,000
Dwarf cannon set,20
Dwarf weed,2,000
Dwarf weed potion (unf),2,000
Dwarf weed seed,200
Dwarven helmet,0
Dwarven stout,0
Dwarven stout(4),0
Dwarven stout(m),0
Dwarven stout(m4),0
Dwellberries,0
Dwellberry seed,600
Dynamite,13,000
Earmuffs,0
Earth battlestaff,14,000
Earth impling jar,0
Earth orb,0
Earth rune,20,000
Earth talisman,0
Earth tiara,0
Easter egg,50
Eclectic impling jar,0
Edible seaweed,0
Efaritay's aid,0
Egg,0
Egg and tomato,0
Egg potato,0
Egg whisk,0
Elder chaos hood,7
Elder chaos robe,70
Elder chaos top,0
Elder maul,8
Elemental helmet,0
Elemental shield,0
Elemental sphere,0
Elemental talisman,0
Elf camp teleport,0
Elysian sigil,0
Elysian spirit shield,8
Emerald,3,000
Emerald amulet,0
Emerald amulet (u),0
Emerald bolt tips,0
Emerald bolts,0
Emerald bolts (e),0
Emerald bracelet,0
Emerald necklace,0
Emerald ring,0
Empty candle lantern,0
Empty cup,0
Empty fishbowl,0
Empty oil lamp,0
Empty oil lantern,0
Empty plant pot,0
Empty sack,0
Enchant diamond,0
Enchant dragonstn.,0
Enchant emerald,0
Enchant onyx,0
Enchant ruby,0
Enchant sapphire,0
Enchanted hat,0
Enchanted robe,8
Enchanted top,8
Energy mix(1),0
Energy mix(2),0
Energy potion(1),0
Energy potion(2),0
Energy potion(3),2,000
Energy potion(4),2,000
Ensouled abyssal head,0
Ensouled aviansie head,0
Ensouled bear head,0
Ensouled bloodveld head,0
Ensouled chaos druid head,0
Ensouled dagannoth head,0
Ensouled demon head,0
Ensouled dog head,0
Ensouled dragon head,9,000
Ensouled elf head,0
Ensouled giant head,0
Ensouled goblin head,0
Ensouled horror head,0
Ensouled imp head,0
Ensouled kalphite head,0
Ensouled minotaur head,0
Ensouled monkey head,0
Ensouled ogre head,0
Ensouled scorpion head,0
Ensouled troll head,0
Ensouled tzhaar head,0
Ensouled unicorn head,0
Equa leaves,0
Essence impling jar,0
Eternal boots,15
Eternal crystal,10
Eternal gem,0
Evil chicken feet,0
Evil chicken head,0
Evil chicken legs,0
Evil chicken wings,0
Expeditious bracelet,0
Explorer backpack,0
Extended antifire (1),0
Extended antifire (2),0
Extended antifire (3),0
Extended antifire (4),2,000
Extended antifire mix(1),0
Extended antifire mix(2),0
Eye of newt,13,000
Eye patch,0
Facemask,0
Fake beard,0
Falador teleport,10,000
Fancy hedge,0
Fancy teak dresser,0
Fancy tiara,0
Farseer helm,0
Fat snail,0
Fat snail meat,0
Fayrg bones,0
Feather,13,000
Fedora,0
Feldip hills teleport,0
Feldip weasel fur,0
Fenkenstrain's castle teleport,0
Fez,0
Fibula piece,0
Filled plant pot,600
Fine cloth,0
Fire battlestaff,3,000
Fire orb,10,000
Fire rune,20,000
Fire talisman,0
Fire tiara,0
Fish food,0
Fish offcuts,0
Fish pie,0
Fishing bait,8,000
Fishing mix(1),0
Fishing mix(2),0
Fishing potion(1),0
Fishing potion(2),0
Fishing potion(3),0
Fishing potion(4),0
Fishing rod,0
Fiyr remains,0
Flamtaer bracelet,0
Flamtaer hammer,0
Flared trousers,0
Flattened hide,0
Flax,13,000
Flighted ogre arrow,7,000
Fly fishing rod,0
Four-poster bed,0
Fremennik beige shirt,0
Fremennik black cloak,0
Fremennik blue cloak,0
Fremennik blue shirt,0
Fremennik boots,0
Fremennik brown cloak,0
Fremennik brown shirt,0
Fremennik cyan cloak,0
Fremennik gloves,0
Fremennik green cloak,0
Fremennik grey cloak,0
Fremennik grey shirt,0
Fremennik hat,0
Fremennik pink cloak,0
Fremennik purple cloak,0
Fremennik red cloak,0
Fremennik red shirt,0
Fremennik robe,0
Fremennik shield,0
Fremennik skirt,0
Fremennik teal cloak,0
Fremennik yellow cloak,0
Fried mushrooms,0
Fried onions,0
Frog-leather body,0
Frog-leather boots,0
Frog-leather chaps,0
Frozen whip mix,4
Fruit batta,0
Fruit blast,0
Frying pan,0
Fur,0
Fury ornament kit,4
Gadderhammer,0
Games necklace(8),0
Garden pie,0
Gardening boots,0
Gardening trowel,0
Garlic,0
Garlic powder,0
Ghorrock teleport,0
Gianne dough,0
Gianne's cook book,0
Giant frog legs,0
Giant seaweed,0
Gilded 2h sword,0
Gilded armour set (lg),0
Gilded armour set (sk),0
Gilded bench,0
Gilded boots,0
Gilded cape rack,0
Gilded chainbody,0
Gilded clock,0
Gilded dresser,0
Gilded four-poster,0
Gilded full helm,0
Gilded hasta,0
Gilded kiteshield,0
Gilded magic wardrobe,0
Gilded med helm,0
Gilded platebody,8
Gilded platelegs,8
Gilded plateskirt,0
Gilded scimitar,70
Gilded spear,0
Gilded sq shield,0
Gilded wardrobe,0
Gin,0
Glassblowing pipe,0
Gloves of darkness,0
Gloves of silence,0
Gnome goggles,0
Gnome scarf,0
Gnome spice,0
Gnomeball,0
Gnomebowl mould,0
Gnomish firelighter,0
Goat horn dust,0
Goblin book,0
Goblin mail,15
Goblin mask,0
Godsword blade,0
Godsword shard 1,0
Godsword shard 2,0
Godsword shard 3,0
Gold amulet,18,000
Gold amulet (u),18,000
Gold bar,10,000
Gold bracelet,13,000
Gold elegant blouse,0
Gold elegant legs,0
Gold elegant shirt,0
Gold elegant skirt,0
Gold headband,0
Gold leaf,0
Gold necklace,13,000
Gold ore,13,000
Gold ring,0
Gold seal,0
Golden apron,0
Golden chef's hat,0
Golden scarab,0
Golden statuette,0
Golovanova fruit top,0
Gourmet impling jar,0
Gout tuber,0
Graahk fur,0
Graahk headdress,0
Graahk legs,0
Graahk top,0
Grain,0
Grand seed pod,0
Granite (2kg),0
Granite (500g),0
Granite (5kg),0
Granite body,70
Granite boots,0
Granite clamp,80
Granite gloves,10
Granite hammer,0
Granite helm,0
Granite legs,0
Granite longsword,0
Granite maul,70
Granite ring,0
Granite shield,0
Grape seed,0
Grapes,13,000
Greater demon mask,0
Green boater,0
Green boots,0
Green cape,0
Green d'hide body,125
Green d'hide body (g),8
Green d'hide body (t),125
Green d'hide chaps,125
Green d'hide chaps (g),8
Green d'hide chaps (t),125
Green d'hide vamb,125
Green dark bow paint,0
Green dragon leather,13,000
Green dragon mask,0
Green dragonhide,13,000
Green dragonhide set,0
Green dye,0
Green elegant blouse,0
Green elegant legs,0
Green elegant shirt,0
Green elegant skirt,0
Green firelighter,0
Green halloween mask,5
Green hat,0
Green headband,0
Green partyhat,5
Green robe bottoms,0
Green robe top,0
Green spiky vambs,0
Greenman's ale,0
Greenman's ale,0
Greenman's ale(m),0
Greenmans ale(4),0
Greenmans ale(m4),0
Grey boots,0
Grey gloves,100
Grey hat,0
Grey robe bottoms,0
Grey robe top,0
Grey toy horsey,0
Grey wolf fur,0
Grimy avantoe,25,000
Grimy cadantine,0
Grimy dwarf weed,11,000
Grimy guam leaf,11,000
Grimy harralander,0
Grimy irit leaf,0
Grimy kwuarm,0
Grimy lantadyme,2,000
Grimy marrentill,11,000
Grimy ranarr weed,11,000
Grimy snapdragon,0
Grimy tarromin,13,000
Grimy toadflax,0
Grimy torstol,0
Grog,0
Ground guam,0
Guam leaf,11,000
Guam potion (unf),10,000
Guam seed,600
Guam tar,0
Guardian boots,8
Guthan's armour set,10
Guthan's chainskirt,10
Guthan's chainskirt 0,8
Guthan's helm,10
Guthan's helm 0,0
Guthan's platebody,10
Guthan's platebody 0,0
Guthan's warspear,10
Guthan's warspear 0,0
Guthix armour set (lg),0
Guthix armour set (sk),0
Guthix balance(1),0
Guthix balance(2),0
Guthix balance(3),0
Guthix balance(4),0
Guthix bracers,8
Guthix chaps,8
Guthix cloak,0
Guthix coif,0
Guthix crozier,0
Guthix d'hide boots,8
Guthix dragonhide,8
Guthix dragonhide set,8
Guthix full helm,8
Guthix kiteshield,0
Guthix mitre,0
Guthix mjolnir,0
Guthix page 1,5
Guthix page 2,0
Guthix page 3,0
Guthix page 4,0
Guthix platebody,0
Guthix platelegs,0
Guthix plateskirt,0
Guthix rest(1),0
Guthix rest(2),0
Guthix rest(3),0
Guthix rest(4),2,000
Guthix robe legs,0
Guthix robe top,0
Guthix stole,0
Hair,0
Half full wine jug,0
Half moon spectacles,0
Halloween mask set,5
Ham boots,0
Ham cloak,0
Ham gloves,0
Ham hood,0
Ham logo,0
Ham robe,0
Ham shirt,0
Hammer,40
Hammerstone hops,0
Hammerstone seed,0
Hard leather,10,000
Hardleather body,125
Harmony island teleport,0
Harpoon,0
Harralander,12,000
Harralander potion (unf),0
Harralander seed,0
Harralander tar,11,000
Hat eyepatch,0
Headless arrow,7,000
Heavy ballista,8
Heavy frame,0
Helm of neitiznot,70
Herring,0
Highwayman mask,0
Hill giant club,0
Holy blessing,5
Holy book page set,0
Holy elixir,4
Holy mould,0
Holy sandals,6
Holy symbol,0
Holy wraps,0
Honourable blessing,0
Hood of darkness,0
Hosidius banner,0
Hosidius house hood,0
Hosidius house scarf,0
Hunter potion(1),0
Hunter potion(2),0
Hunter potion(3),0
Hunter potion(4),2,000
Hunters' crossbow,0
Hunting mix(1),0
Hunting mix(2),0
Imbued heart,8
Imp mask,0
Impling jar,13,000
Incomplete heavy ballista,0
Incomplete light ballista,0
0inity boots,24
0inity bottoms,0
0inity gloves,0
0inity hat,10
0inity top,0
Initiate cuisse,0
Initiate harness m,565
Initiate hauberk,0
Initiate sallet,0
Inoculation bracelet,0
Insect repellent,0
Insulated boots,0
Irit leaf,2,000
Irit potion (unf),10,000
Irit seed,0
Iron 2h sword,125
Iron arrow,7,000
Iron arrow(p),7,000
Iron arrow(p+),7,000
Iron arrow(p++),7,000
Iron arrowtips,20,000
Iron axe,40
Iron bar,10,000
Iron battleaxe,0
Iron bolts,7,000
Iron bolts (p),0
Iron bolts (unf),0
Iron bolts(p+),0
Iron bolts(p++),0
Iron boots,0
Iron brutal,0
Iron chainbody,0
Iron claws,0
Iron crossbow,0
Iron crossbow (u),0
Iron dagger,0
Iron dagger(p),0
Iron dagger(p+),0
Iron dagger(p++),0
Iron dart,7,000
Iron dart tip,13,000
Iron dart(p),0
Iron dart(p+),0
Iron dart(p++),0
Iron dragon mask,0
Iron full helm,0
Iron full helm (g),0
Iron full helm (t),0
Iron gold-trimmed set (lg),8
Iron gold-trimmed set (sk),8
Iron halberd,0
Iron hasta,0
Iron hasta(p),0
Iron hasta(p+),0
Iron hasta(p++),0
Iron javelin,0
Iron javelin heads,0
Iron javelin(p),0
Iron javelin(p+),0
Iron javelin(p++),0
Iron kiteshield,0
Iron kiteshield (g),0
Iron kiteshield (t),0
Iron knife,7,000
Iron knife(p),0
Iron knife(p+),0
Iron knife(p++),0
Iron limbs,0
Iron longsword,0
Iron mace,0
Iron med helm,0
Iron nails,13,000
Iron ore,13,000
Iron pickaxe,40
Iron platebody,125
Iron platebody (g),0
Iron platebody (t),0
Iron platelegs,125
Iron platelegs (g),0
Iron platelegs (t),0
Iron plateskirt,0
Iron plateskirt (g),0
Iron plateskirt (t),0
Iron scimitar,0
Iron set (lg),0
Iron set (sk),0
Iron spear,0
Iron spear(p),0
Iron spear(p+),0
Iron spear(p++),0
Iron spit,0
Iron sq shield,0
Iron sword,0
Iron thrownaxe,0
Iron trimmed set (lg),0
Iron trimmed set (sk),0
Iron warhammer,0
Ivory comb,0
Jade,0
Jade amulet,0
Jade amulet (u),0
Jade bolt tips,0
Jade bracelet,0
Jade machete,0
Jade necklace,0
Jade ring,0
Jangerberries,0
Jangerberry seed,0
Jar of darkness,0
Jar of dirt,0
Jar of miasma,0
Jar of sand,0
Jar of souls,0
Jar of stone,0
Jar of swamp,0
Javelin shaft,7,000
Jogre bones,0
Jug,0
Jug of water,13,000
Jug of wine,6,000
Jungle camo legs,0
Jungle camo top,0
Jungle demon mask,0
Jute fibre,0
Jute seed,0
Karambwan vessel,0
Karambwan vessel,0
Karidian disguise,0
Karil's armour set,8
Karil's coif,0
Karil's coif 0,0
Karil's crossbow,0
Karil's crossbow 0,0
Karil's leatherskirt,10
Karil's leatherskirt 0,0
Karil's leathertop,8
Karil's leathertop 0,0
Katana,1
Kebab,0
Kebab mix,0
Kebbit bolts,0
Kebbit claws,0
Kebbit spike,0
Kebbit teeth,0
Kebbit teeth dust,0
Keg of beer,0
Kharidian headpiece,0
Kharyrll teleport,0
King worm,0
Kitchen knife,0
Kitchen table,0
Knife,0
Kodai insignia,8
Kodai wand,8
Kraken tentacle,70
Krandorian hops,0
Krandorian seed,0
Kwuarm,13,000
Kwuarm potion (unf),13,000
Kwuarm seed,200
Kyatt fur,0
Kyatt hat,0
Kyatt legs,0
Kyatt top,0
Lantadyme,2,000
Lantadyme potion (unf),0
Lantadyme seed,200
Lantern lens,10,000
Large oak bed,0
Large teak bed,0
Larupia fur,0
Larupia hat,0
Larupia legs,0
Larupia top,0
Lassar teleport,0
Lava battlestaff,50
Lava dragon bones,0
Lava dragon mask,4
Lava rune,12,000
Lava scale,0
Lava scale shard,0
Lava staff upgrade kit,0
Law rune,12,000
Leaf-bladed battleaxe,20
Leaf-bladed sword,0
Lean snail,0
Lean snail meat,0
Leaping salmon,0
Leaping sturgeon,0
Leaping trout,0
Leather,13,000
Leather body,0
Leather boots,0
Leather chaps,125
Leather cowl,0
Leather gloves,0
Leather vambraces,0
Left eye patch,0
Lemon,0
Lemon chunks,0
Lemon slices,0
Leprechaun hat,0
Lesser demon mask,0
Light ballista,8
Light bow tie,0
Light frame,0
Light 0inity colour kit,0
Light orb,0
Light trousers,0
Light tuxedo cuffs,0
Light tuxedo jacket,0
Light tuxedo shoes,0
Lime,0
Lime chunks,0
Lime slices,0
Limestone,0
Limestone brick,0
Limpwurt root,13,000
Limpwurt seed,600
Linen,0
Lizardman fang,13,000
Loar remains,0
Lobster,6,000
Lobster pot,0
Lockpick,0
Locust meat,0
Logs,14,000
Long kebbit bolts,0
Long kebbit spike,0
Longbow,14,000
Longbow (u),0
Loop half of key,0
Lovakengj banner,0
Lovakengj house hood,0
Lovakengj house scarf,0
Lumberyard teleport,200
Lumbridge graveyard teleport,0
Lumbridge teleport,0
Lunar isle teleport,0
M. treasure chest,0
Machete,0
Mackerel,0
Mage's book,15
Magic box,0
Magic cape rack,0
Magic comp bow,0
Magic essence mix(1),0
Magic essence mix(2),0
Magic fang,5
Magic logs,12,000
Magic longbow,18,000
Magic longbow (u),10,000
Magic mix(1),0
Magic mix(2),0
Magic potion(1),0
Magic potion(2),0
Magic potion(3),2,000
Magic potion(4),2,000
Magic pyre logs,0
Magic roots,0
Magic sapling,200
Magic seed,200
Magic shortbow,5,000
Magic shortbow (u),0
Magic shortbow scroll,0
Magic staff,0
Magic stone,0
Magic string,0
Magpie impling jar,0
Mahogany armchair,0
Mahogany armour case,0
Mahogany bench,0
Mahogany bookcase,0
Mahogany cape rack,0
Mahogany dresser,0
Mahogany fancy dress box,0
Mahogany logs,11,000
Mahogany magic wardrobe,0
Mahogany plank,13,000
Mahogany pyre log,0
Mahogany sapling,0
Mahogany seed,200
Mahogany stock,0
Mahogany table,0
Mahogany toy box,0
Mahogany wardrobe,0
Malediction shard 1,0
Malediction shard 2,0
Malediction shard 3,0
Malediction ward,8
Manta ray,10,000
Maple blackjack,0
Maple blackjack(d),0
Maple blackjack(o),0
Maple logs,15,000
Maple longbow,14,000
Maple longbow (u),10,000
Maple pyre logs,0
Maple roots,0
Maple sapling,0
Maple seed,200
Maple shortbow,0
Maple shortbow (u),10,000
Maple stock,0
Marble block,0
Marble cape rack,0
Marble magic wardrobe,0
Marigold seed,0
Marigolds,0
Marrentill,11,000
Marrentill potion (unf),0
Marrentill seed,0
Marrentill tar,0
Master scroll book (empty),0
Master wand,8
Mature cider,0
Mature wmb,0
Meat pie,0
Meat pizza,0
Meat tenderiser,0
Menaphite purple hat,0
Menaphite purple kilt,0
Menaphite purple robe,0
Menaphite purple top,0
Menaphite red hat,0
Menaphite red kilt,0
Menaphite red robe,0
Menaphite red top,0
Merfolk trident,0
Minced meat,0
Mind altar teleport,0
Mind bomb(4),0
Mind bomb(m4),0
Mind helmet,0
Mind rune,12,000
Mind shield,70
Mind talisman,0
Mind tiara,0
Mining helmet,100
Mint cake,0
Mirror shield,0
Mist battlestaff,8
Mist rune,12,000
Mith crossbow,0
Mith grapple,0
Mith grapple,0
Mith grapple tip,0
Mithril 2h sword,125
Mithril arrow,7,000
Mithril arrow(p),7,000
Mithril arrow(p+),7,000
Mithril arrow(p++),7,000
Mithril arrowtips,10,000
Mithril axe,40
Mithril bar,10,000
Mithril battleaxe,125
Mithril bolts,7,000
Mithril bolts (p),0
Mithril bolts (unf),13,000
Mithril bolts(p+),0
Mithril bolts(p++),0
Mithril boots,0
Mithril brutal,0
Mithril chainbody,0
Mithril claws,125
Mithril crossbow (u),0
Mithril dagger,0
Mithril dagger(p),0
Mithril dagger(p+),0
Mithril dagger(p++),0
Mithril dart,7,000
Mithril dart tip,13,000
Mithril dart(p),0
Mithril dart(p+),0
Mithril dart(p++),0
Mithril dragon mask,0
Mithril full helm,125
Mithril full helm (g),0
Mithril full helm (t),0
Mithril gold-trimmed set (lg),13
Mithril gold-trimmed set (sk),13
Mithril halberd,0
Mithril hasta,0
Mithril hasta(p),0
Mithril hasta(p+),0
Mithril hasta(p++),0
Mithril javelin,0
Mithril javelin heads,0
Mithril javelin(p),0
Mithril javelin(p+),0
Mithril javelin(p++),0
Mithril kiteshield,125
Mithril kiteshield (g),0
Mithril kiteshield (t),0
Mithril knife,7,000
Mithril knife(p),0
Mithril knife(p+),0
Mithril knife(p++),0
Mithril limbs,0
Mithril longsword,0
Mithril mace,0
Mithril med helm,125
Mithril nails,0
Mithril ore,13,000
Mithril pickaxe,40
Mithril platebody,125
Mithril platebody (g),0
Mithril platebody (t),0
Mithril platelegs,125
Mithril platelegs (g),0
Mithril platelegs (t),0
Mithril plateskirt,125
Mithril plateskirt (g),0
Mithril plateskirt (t),0
Mithril scimitar,0
Mithril seeds,0
Mithril set (lg),0
Mithril set (sk),0
Mithril spear,125
Mithril spear(p),0
Mithril spear(p+),0
Mithril spear(p++),0
Mithril sq shield,0
Mithril sword,0
Mithril thrownaxe,0
Mithril trimmed set (lg),0
Mithril trimmed set (sk),0
Mithril warhammer,125
Mixed flowers,0
Mole claw,50
Mole skin,50
Molten glass,13,000
Monk's robe,0
Monk's robe (g),0
Monk's robe top,125
Monk's robe top (g),0
Monkey bar,0
Monkey bones,0
Monkey nuts,0
Monkey tail,0
Monkfish,13,000
Monocle,0
Moonlight mead,0
Moonlight mead(4),0
Moonlight mead(m),0
Moonlight mead(m4),0
Mort myre fungus,13,000
Mort myre pear,0
Mort myre stem,0
Mort'ton teleport,0
Mos le'harmless teleport,1,000
Mud battlestaff,8
Mud pie,0
Mud rune,12,000
Muddy key,0
Mummy's body,0
Mummy's feet,0
Mummy's hands,0
Mummy's head,0
Mummy's legs,0
Mushroom,0
Mushroom &amp; onion,0
Mushroom pie,0
Mushroom potato,0
Mushroom spore,0
Musketeer hat,10
Musketeer pants,0
Musketeer tabard,0
Myre snelm,0
Myre snelm,0
Mysterious emblem,10
Mystic air staff,0
Mystic boots,0
Mystic boots (dark),0
Mystic boots (light),0
Mystic dust staff,0
Mystic earth staff,0
Mystic fire staff,0
Mystic gloves,0
Mystic gloves (dark),0
Mystic gloves (light),70
Mystic hat,0
Mystic hat (dark),0
Mystic hat (light),0
Mystic lava staff,6
Mystic mist staff,6
Mystic mud staff,8
Mystic robe bottom,0
Mystic robe bottom (dark),70
Mystic robe bottom (light),0
Mystic robe top,0
Mystic robe top (dark),70
Mystic robe top (light),0
Mystic smoke staff,8
Mystic steam staff,6
Mystic water staff,0
Nail beast nails,0
Nardah teleport,0
Nasturtium seed,0
Nasturtiums,0
Nature impling jar,0
Nature rune,12,000
Nature talisman,0
Nature tiara,0
Navy cavalier,0
Necklace mould,0
Necklace of anguish,8
Necklace of faith,0
Necklace of passage(5),0
Needle,0
New crystal bow,0
New crystal shield,0
Nice hedge,0
Ninja impling jar,150
Noose wand,0
Nose peg,0
Numulite,20,000
Nunchaku,0
Oak armchair,0
Oak armour case,0
Oak bed,0
Oak bench,0
Oak bird house,0
Oak blackjack(d),0
Oak blackjack(o),0
Oak bookcase,0
Oak cape rack,0
Oak chair,0
Oak clock,0
Oak dining table,0
Oak drawers,0
Oak dresser,0
Oak fancy dress box,0
Oak kitchen table,0
Oak logs,15,000
Oak longbow,14,000
Oak longbow (u),0
Oak magic wardrobe,0
Oak plank,13,000
Oak pyre logs,0
Oak roots,0
Oak sapling,0
Oak shaving stand,0
Oak shortbow,0
Oak shortbow (u),0
Oak stock,0
Oak toy box,0
Oak treasure chest,0
Oak wardrobe,0
Obsidian armour set,5
Obsidian cape,70
Obsidian cape (r),0
Obsidian helmet,10
Obsidian platebody,0
Obsidian platelegs,70
Occult necklace,8
Occult ornament kit,4
Ochre snelm,0
Ochre snelm,0
Odium shard 1,0
Odium shard 2,0
Odium shard 3,0
Odium ward,8
Ogre arrow,7,000
Ogre arrow shaft,5,000
Ogre coffin key,0
Oil lamp,0
Oil lantern,0
Oil lantern frame,0
Old demon mask,0
Old school bond,0
Olive oil(1),0
Olive oil(2),0
Olive oil(3),0
Olive oil(4),0
Onion,0
Onion &amp; tomato,0
Onion seed,0
Onions(10),0
Onyx,0
Onyx amulet,0
Onyx amulet (u),0
Onyx bolt tips,0
Onyx bolts,0
Onyx bolts (e),0
Onyx bracelet,0
Onyx necklace,0
Onyx ring,0
Opal,13,000
Opal amulet,0
Opal amulet (u),0
Opal bolt tips,0
Opal bolts,0
Opal bolts (e),0
Opal bracelet,0
Opal machete,0
Opal necklace,0
Opal ring,0
Opulent table,0
Orange,0
Orange boater,0
Orange cape,0
Orange chunks,0
Orange dye,0
Orange feather,0
Orange flowers,0
Orange salamander,0
Orange sapling,0
Orange slices,0
Orange tree seed,0
Oranges(5),0
Ourg bones,0
Oyster,0
Oyster pearl,0
Oyster pearls,0
Paddewwa teleport,0
Palm sapling,200
Palm tree seed,200
Pantaloons,0
Papaya fruit,11,000
Papaya sapling,400
Papaya tree seed,200
Papyrus,0
Partyhat &amp; specs,15
Partyhat set,5
Pastry dough,0
Pat of butter,0
Peaceful blessing,5
Pearl bolt tips,0
Pearl bolts,0
Pearl bolts (e),0
Pegasian boots,8
Pegasian crystal,10
Penguin mask,0
Pest control teleport,0
Pestle and mortar,0
Pharaoh's sceptre,8
Pharaoh's sceptre (3),8
Phoenix necklace,0
Phrin remains,0
Pie dish,50
Pie recipe book,0
Pie shell,0
Pike,0
Pile of salt,0
Pineapple,0
Pineapple chunks,0
Pineapple pizza,0
Pineapple punch,0
Pineapple ring,0
Pineapple sapling,0
Pineapple seed,200
Pink boater,0
Pink boots,0
Pink cape,0
Pink elegant blouse,0
Pink elegant legs,0
Pink elegant shirt,0
Pink elegant skirt,0
Pink hat,0
Pink headband,0
Pink robe bottoms,0
Pink robe top,0
Pink skirt,0
Pirate bandana,0
Pirate bandana,0
Pirate bandana,0
Pirate bandana,0
Pirate boots,0
Pirate hat &amp; patch,0
Pirate leggings,0
Pirate leggings,0
Pirate leggings,0
Pirate leggings,0
Pirate's hat,0
Pirate's hook,0
Piscarilius banner,0
Piscarilius house hood,0
Piscarilius house scarf,0
Piscatoris teleport,0
Pith helmet,0
Pitta bread,0
Pizza base,0
Plain pizza,0
Plank,13,000
Plant cure,0
Poison,0
Poison chalice,0
Poison ivy berries,0
Poison ivy seed,0
Polar camo legs,0
Polar camo top,0
Polar kebbit fur,0
Polished buttons,0
Pot,13,000
Pot lid,0
Pot of cornflour,0
Pot of cream,0
Pot of flour,0
Potato,0
Potato cactus,11,000
Potato seed,600
Potato with butter,0
Potato with cheese,0
Potatoes(10),0
Pottery scarab,0
Pottery statuette,0
Prayer mix(1),0
Prayer mix(2),0
Prayer potion(1),2,000
Prayer potion(2),2,000
Prayer potion(3),2,000
Prayer potion(4),2,000
Premade blurb' sp.,0
Premade c+t batta,0
Premade ch' crunch,0
Premade choc bomb,0
Premade choc s'dy,0
Premade dr' dragon,0
Premade fr' blast,0
Premade fr't batta,0
Premade p' punch,0
Premade s'y crunch,0
Premade sgg,0
Premade t'd batta,0
Premade t'd crunch,0
Premade ttl,0
Premade veg ball,0
Premade veg batta,0
Premade w'm batta,0
Premade w'm crun',0
Premade wiz blz'd,0
Premade worm hole,0
Priest gown,0
Priest gown,0
Primordial boots,8
Primordial crystal,10
Proboscis,100
Proselyte cuisse,0
Proselyte harness f,0
Proselyte harness m,0
Proselyte hauberk,0
Proselyte sallet,0
Proselyte tasset,0
Pumpkin,100
Pure essence,20,000
Purple boater,0
Purple boots,0
Purple cape,0
Purple dye,0
Purple elegant blouse,0
Purple elegant legs,0
Purple elegant shirt,0
Purple elegant skirt,0
Purple firelighter,0
Purple flowers,0
Purple gloves,100
Purple hat,0
Purple partyhat,5
Purple robe bottoms,0
Purple robe top,0
Purple sweets,10,000
Pyre logs,0
Pyrophosphite,0
Rabbit foot,0
Rabbit snare,0
Rainbow fish,0
Rake,0
Ranarr potion (unf),2,000
Ranarr seed,200
Ranarr weed,12,000
Ranger boots,8
Ranger gloves,0
Rangers' tunic,4
Ranging mix(1),0
Ranging mix(2),0
Ranging potion(1),2,000
Ranging potion(2),2,000
Ranging potion(3),2,000
Ranging potion(4),2,000
Raurg bones,0
Raw admiral pie,0
Raw anchovies,13,000
Raw anglerfish,15,000
Raw bass,0
Raw bear meat,0
Raw beast meat,0
Raw beef,13,000
Raw bird meat,0
Raw cave eel,0
Raw chicken,0
Raw chompy,0
Raw cod,0
Raw dark crab,0
Raw fish pie,0
Raw garden pie,0
Raw herring,0
Raw jubbly,0
Raw karambwan,13,000
Raw lobster,10,000
Raw mackerel,0
Raw manta ray,0
Raw monkfish,13,000
Raw mud pie,0
Raw oomlie,0
Raw pike,0
Raw rabbit,0
Raw rainbow fish,0
Raw rat meat,0
Raw salmon,0
Raw sardine,0
Raw sea turtle,0
Raw shark,15,000
Raw shrimps,15,000
Raw slimy eel,0
Raw summer pie,0
Raw swordfish,15,000
Raw trout,15,000
Raw tuna,15,000
Raw ugthanki meat,0
Raw wild pie,0
Raw yak meat,0
Red bead,0
Red beret,0
Red boater,0
Red boots,0
Red cape,150
Red cavalier,0
Red chinchompa,7,000
Red d'hide body,70
Red d'hide body (g),125
Red d'hide body (t),125
Red d'hide chaps,70
Red d'hide chaps (g),125
Red d'hide chaps (t),125
Red d'hide vamb,70
Red dragon leather,0
Red dragon mask,0
Red dragonhide,10,000
Red dragonhide set,0
Red dye,0
Red elegant blouse,0
Red elegant legs,0
Red elegant shirt,0
Red elegant skirt,0
Red feather,0
Red firelighter,0
Red flowers,0
Red gloves,100
Red halloween mask,5
Red hat,0
Red headband,0
Red partyhat,15
Red robe bottoms,0
Red robe top,0
Red salamander,0
Red spiders' eggs,0
Red spiky vambs,0
Red topaz,0
Red topaz machete,0
Redberries,0
Redberry pie,0
Redberry seed,0
Redwood logs,12,000
Redwood pyre logs,0
Regen bracelet,10
Relicym's balm(1),0
Relicym's balm(2),0
Relicym's balm(3),0
Relicym's balm(4),0
Relicym's mix(1),0
Relicym's mix(2),0
Restore mix(1),2,000
Restore mix(2),2,000
Restore potion(1),2,000
Restore potion(2),2,000
Restore potion(3),2,000
Restore potion(4),2,000
Revenant cave teleport,0
Revenant ether,30,000
Ribcage piece,0
Ring mould,0
Ring of coins,0
Ring of dueling(8),10,000
Ring of forging,0
Ring of life,0
Ring of nature,0
Ring of pursuit,0
Ring of recoil,10,000
Ring of returning(5),0
Ring of stone,8
Ring of suffering,12
Ring of the gods,0
Ring of wealth,0
Ring of wealth (5),0
Ring of wealth scroll,0
Riyl remains,0
Roast beast meat,0
Roast bird meat,0
Roast rabbit,6,000
Robe bottom of darkness,0
Robe top of darkness,0
Robin hood hat,8
Rock hammer,0
Rock thrownhammer,0
Rock-climbing boots,0
Rock-shell boots,0
Rock-shell chunk,0
Rock-shell gloves,0
Rock-shell helm,0
Rock-shell legs,0
Rock-shell plate,0
Rock-shell shard,0
Rock-shell splinter,0
Rocking chair,0
Roe,0
Rolling pin,0
Rope,250
Rosemary,0
Rosemary seed,0
Royal crown,0
Royal gown bottom,0
Royal gown top,0
Royal sceptre,0
Ruby,10,000
Ruby amulet,0
Ruby amulet (u),0
Ruby bolt tips,11,000
Ruby bolts,10,000
Ruby bolts (e),11,000
Ruby bracelet,0
Ruby harvest,0
Ruby necklace,0
Ruby ring,0
Rune 2h sword,70
Rune armour set (lg),8
Rune armour set (sk),8
Rune arrow,11,000
Rune arrow(p),7,000
Rune arrow(p+),7,000
Rune arrow(p++),7,000
Rune arrowtips,0
Rune axe,40
Rune battleaxe,70
Rune boots,70
Rune brutal,0
Rune cane,0
Rune chainbody,70
Rune claws,70
Rune crossbow,70
Rune dagger,70
Rune dagger(p),70
Rune dagger(p+),70
Rune dagger(p++),70
Rune dart,11,000
Rune dart tip,11,000
Rune dart(p),0
Rune dart(p+),0
Rune dart(p++),0
Rune essence,20,000
Rune full helm,70
Rune full helm (g),70
Rune full helm (t),70
Rune gold-trimmed set (lg),8
Rune gold-trimmed set (sk),8
Rune halberd,70
Rune hasta,70
Rune hasta(p),70
Rune hasta(p+),70
Rune hasta(p++),70
Rune helm (h1),70
Rune helm (h2),70
Rune helm (h3),70
Rune helm (h4),70
Rune helm (h5),70
Rune javelin,11,000
Rune javelin heads,10,000
Rune javelin(p),70
Rune javelin(p+),70
Rune javelin(p++),70
Rune kiteshield,70
Rune kiteshield (g),8
Rune kiteshield (t),70
Rune knife,7,000
Rune knife(p),0
Rune knife(p+),70
Rune knife(p++),7,000
Rune longsword,70
Rune mace,70
Rune med helm,70
Rune nails,0
Rune pickaxe,40
Rune platebody,70
Rune platebody (g),70
Rune platebody (t),70
Rune platelegs,70
Rune platelegs (g),70
Rune platelegs (t),70
Rune plateskirt,70
Rune plateskirt (g),70
Rune plateskirt (t),70
Rune scimitar,70
Rune shield (h1),70
Rune shield (h2),70
Rune shield (h3),70
Rune shield (h4),70
Rune shield (h5),70
Rune spear,70
Rune spear(p),70
Rune spear(p+),70
Rune spear(p++),70
Rune sq shield,70
Rune sword,70
Rune thrownaxe,70
Rune trimmed set (lg),70
Rune trimmed set (sk),70
Rune warhammer,70
Runite bar,0
Runite bolts,11,000
Runite bolts (p),0
Runite bolts (unf),0
Runite bolts(p+),0
Runite bolts(p++),0
Runite crossbow (u),0
Runite limbs,40
Runite ore,4,500
Sacred oil(1),0
Sacred oil(2),0
Sacred oil(3),0
Sacred oil(4),0
Sagacious spectacles,0
Salmon,6,000
Saltpetre,13,000
Salve graveyard teleport,0
Samurai boots,0
Samurai gloves,0
Samurai greaves,0
Samurai kasa,0
Samurai shirt,0
Sandstone (10kg),0
Sandstone (1kg),0
Sandstone (2kg),0
Sandstone (5kg),0
Sandworms,0
Sanfew serum(1),0
Sanfew serum(2),0
Sanfew serum(3),0
Sanfew serum(4),2,000
Santa hat,5
Sapphire,10,000
Sapphire amulet,0
Sapphire amulet (u),0
Sapphire bolt tips,0
Sapphire bolts,0
Sapphire bolts (e),0
Sapphire bracelet,0
Sapphire glacialis,0
Sapphire necklace,0
Sapphire ring,0
Saradomin armour set (lg),0
Saradomin armour set (sk),0
Saradomin bracers,8
Saradomin brew(1),2,000
Saradomin brew(2),2,000
Saradomin brew(3),2,000
Saradomin brew(4),2,000
Saradomin chaps,8
Saradomin cloak,10
Saradomin coif,8
Saradomin crozier,0
Saradomin d'hide,8
Saradomin d'hide boots,8
Saradomin dragonhide set,0
Saradomin full helm,8
Saradomin godsword,8
Saradomin godsword ornament kit,4
Saradomin hilt,0
Saradomin kiteshield,0
Saradomin mitre,0
Saradomin mjolnir,0
Saradomin page 1,0
Saradomin page 2,0
Saradomin page 3,0
Saradomin page 4,5
Saradomin platebody,8
Saradomin platelegs,8
Saradomin plateskirt,0
Saradomin robe legs,0
Saradomin robe top,8
Saradomin stole,0
Saradomin sword,8
Saradomin's light,5
Saradomin's tear,5
Sardine,0
Saw,0
Scrambled egg,0
Sea turtle,0
Seasoned sardine,0
Seaweed,13,000
Seaweed spore,0
Secateurs,0
Security book,0
Seed dibber,0
Seercull,8
Seers ring,8
Senntisten teleport,0
Serpentine helm (uncharged),8
Serpentine visage,5
Serum 207 (1),0
Serum 207 (2),0
Serum 207 (3),0
Serum 207 (4),0
Shade robe,0
Shade robe top,0
Shaikahan bones,0
Shantay pass,0
Shark,10,000
Shaving stand,0
Shayzien banner,0
Shayzien house hood,0
Shayzien house scarf,0
Shears,0
Shield left half,10
Shield right half,0
Ship ticket,0
Shirt,0
Shirt,0
Shirt,0
Shoe box,0
Short green guy,0
Shortbow,0
Shortbow (u),0
Shorts,0
Shorts,0
Shorts,0
Shrimps,6,000
Shrunk ogleroot,0
Sickle mould,0
Silk,0
Silver bar,10,000
Silver bolts,0
Silver bolts (p),0
Silver bolts (unf),0
Silver bolts(p+),0
Silver bolts(p++),0
Silver dust,0
Silver ore,13,000
Silver sickle,0
Sinew,0
Sinister key,0
Skeletal boots,0
Skeletal bottoms,0
Skeletal gloves,0
Skeletal helm,0
Skeletal top,0
Skewer,0
Skewer stick,0
Skills necklace,0
Skills necklace(4),0
Skills necklace(6),0
Skirt,0
Skirt,0
Skirt,0
Skull piece,0
Slayer bell,0
Slayer respite(m4),0
Slayer's enchantment,0
Slayer's respite,0
Slayer's respite(4),0
Slayer's respite(m),0
Slayer's staff,0
Sleeping cap,0
Sliced banana,0
Sliced mushrooms,0
Small box hedge,0
Small fishing net,0
Smoke battlestaff,8
Smoke rune,12,000
Smouldering stone,5
Snake hide,0
Snake hide,0
Snakeskin,0
Snakeskin bandana,0
Snakeskin body,0
Snakeskin boots,100
Snakeskin chaps,125
Snakeskin vambraces,0
Snapdragon,2,000
Snapdragon potion (unf),10,000
Snapdragon seed,200
Snape grass,13,000
Snowy knight,0
Soda ash,13,000
Soft clay,13,000
Soul rune,10,000
Spade,0
Spatula,0
Spectral sigil,0
Spectral spirit shield,8
Spice,0
Spicy crunchies,0
Spicy minced meat,0
Spicy sauce,0
Spicy tomato,0
Spider carcass,0
Spider on shaft,0
Spider on stick,0
Spiked boots,15
Spiky vambraces,0
Spinach roll,0
Spined body,0
Spined boots,0
Spined chaps,0
Spined gloves,0
Spined helm,0
Spiny helmet,0
Spirit shield,8
Split log,0
Splitbark body,70
Splitbark boots,70
Splitbark gauntlets,70
Splitbark helm,70
Splitbark legs,70
Spork,0
Spotted cape,125
Spotted kebbit fur,0
Spottier cape,0
Staff,0
Staff of air,0
Staff of earth,0
Staff of fire,125
Staff of the dead,8
Staff of water,125
Stale baguette,0
Stamina mix(1),0
Stamina mix(2),0
Stamina potion(1),2,000
Stamina potion(2),2,000
Stamina potion(3),2,000
Stamina potion(4),2,000
Steam battlestaff,8
Steam rune,12,000
Steam staff upgrade kit,0
Steel 2h sword,0
Steel arrow,7,000
Steel arrow(p),7,000
Steel arrow(p+),7,000
Steel arrow(p++),7,000
Steel arrowtips,10,000
Steel axe,40
Steel bar,10,000
Steel battleaxe,0
Steel bolts,0
Steel bolts (p),0
Steel bolts (unf),0
Steel bolts(p+),0
Steel bolts(p++),0
Steel boots,0
Steel brutal,0
Steel chainbody,125
Steel claws,0
Steel crossbow,0
Steel crossbow (u),0
Steel dagger,125
Steel dagger(p),0
Steel dagger(p+),0
Steel dagger(p++),0
Steel dart,7,000
Steel dart tip,13,000
Steel dart(p),0
Steel dart(p+),0
Steel dart(p++),0
Steel dragon mask,0
Steel full helm,0
Steel full helm (g),0
Steel full helm (t),0
Steel gold-trimmed set (lg),0
Steel gold-trimmed set (sk),0
Steel halberd,0
Steel hasta,125
Steel hasta(p),0
Steel hasta(p+),0
Steel hasta(p++),0
Steel javelin,0
Steel javelin heads,0
Steel javelin(p),0
Steel javelin(p+),0
Steel javelin(p++),0
Steel kiteshield,125
Steel kiteshield (g),0
Steel kiteshield (t),0
Steel knife,7,000
Steel knife(p),0
Steel knife(p+),0
Steel knife(p++),0
Steel limbs,10,000
Steel longsword,0
Steel mace,0
Steel med helm,0
Steel nails,13,000
Steel pickaxe,40
Steel platebody,125
Steel platebody (g),0
Steel platebody (t),0
Steel platelegs,125
Steel platelegs (g),0
Steel platelegs (t),0
Steel plateskirt,0
Steel plateskirt (g),0
Steel plateskirt (t),0
Steel scimitar,125
Steel set (lg),0
Steel set (sk),0
Steel spear,0
Steel spear(p),0
Steel spear(p+),0
Steel spear(p++),0
Steel sq shield,0
Steel studs,0
Steel sword,0
Steel thrownaxe,0
Steel trimmed set (lg),0
Steel trimmed set (sk),0
Steel warhammer,0
Stew,10,000
Stone scarab,0
Stone seal,0
Stone statuette,0
Strange fruit,0
Strawberries(5),0
Strawberry,0
Strawberry seed,600
Strength amulet (t),5
Strength mix(1),0
Strength mix(2),0
Strength potion(1),2,000
Strength potion(2),2,000
Strength potion(3),2,000
Strength potion(4),2,000
Stretched hide,0
Stripy feather,8,000
Stripy pirate shirt,0
Stripy pirate shirt,0
Stripy pirate shirt,0
Stripy pirate shirt,0
Stronghold notes,0
Strung rabbit foot,0
Studded body,0
Studded body (g),0
Studded body (t),0
Studded chaps,0
Studded chaps (g),0
Studded chaps (t),0
Sulliuscep cap,0
Summer pie,0
Super attack(1),2,000
Super attack(2),2,000
Super attack(3),2,000
Super attack(4),2,000
Super combat potion(1),2,000
Super combat potion(2),2,000
Super combat potion(3),2,000
Super combat potion(4),2,000
Super def. mix(1),0
Super def. mix(2),0
Super defence(1),2,000
Super defence(2),2,000
Super defence(3),2,000
Super defence(4),2,000
Super energy mix(1),0
Super energy mix(2),0
Super energy(1),0
Super energy(2),0
Super energy(3),2,000
Super energy(4),2,000
Super kebab,0
Super potion set,2,000
Super restore mix(1),2,000
Super restore mix(2),2,000
Super restore(1),2,000
Super restore(2),2,000
Super restore(3),2,000
Super restore(4),2,000
Super str. mix(1),0
Super str. mix(2),0
Super strength(1),2,000
Super strength(2),2,000
Super strength(3),2,000
Super strength(4),2,000
Superantipoison(1),0
Superantipoison(2),0
Superantipoison(3),2,000
Superantipoison(4),0
Superattack mix(1),0
Superattack mix(2),0
Supercompost,600
Swamp lizard,0
Swamp paste,13,000
Swamp tar,13,000
Swamp toad,0
Swamp weed,0
Sweetcorn,0
Sweetcorn,0
Sweetcorn seed,600
Swordfish,6,000
Tai bwo wannai teleport,0
Tall box hedge,0
Tall fancy hedge,0
Tan cavalier,0
Tangled toad's legs,0
Tanzanite fang,5
Tarromin,13,000
Tarromin potion (unf),2,000
Tarromin seed,0
Tarromin tar,0
Tatty graahk fur,0
Tatty kyatt fur,0
Tatty larupia fur,0
Teacher wand,0
Teak armchair,0
Teak armour case,0
Teak bed,0
Teak bird house,0
Teak cape rack,0
Teak clock,0
Teak dining bench,0
Teak drawers,0
Teak dresser,0
Teak fancy dress box,0
Teak kitchen table,0
Teak logs,13,000
Teak magic wardrobe,0
Teak plank,13,000
Teak pyre logs,0
Teak sapling,0
Teak seed,0
Teak stock,0
Teak table,0
Teak toy box,0
Teak treasure chest,0
Teak wardrobe,0
Teal boots,0
Teal gloves,100
Teal hat,0
Teal robe bottoms,0
Teal robe top,0
Team cape i,0
Team cape x,0
Team cape zero,0
Team-1 cape,0
Team-10 cape,0
Team-11 cape,0
Team-12 cape,0
Team-13 cape,0
Team-14 cape,0
Team-15 cape,0
Team-16 cape,100
Team-17 cape,0
Team-18 cape,0
Team-19 cape,0
Team-2 cape,0
Team-20 cape,0
Team-21 cape,0
Team-22 cape,0
Team-23 cape,0
Team-24 cape,0
Team-25 cape,0
Team-26 cape,0
Team-27 cape,0
Team-28 cape,0
Team-29 cape,0
Team-3 cape,0
Team-30 cape,0
Team-31 cape,0
Team-32 cape,0
Team-33 cape,0
Team-34 cape,0
Team-35 cape,0
Team-36 cape,0
Team-37 cape,0
Team-38 cape,0
Team-39 cape,0
Team-4 cape,0
Team-40 cape,0
Team-41 cape,0
Team-42 cape,0
Team-43 cape,0
Team-44 cape,0
Team-45 cape,0
Team-46 cape,0
Team-47 cape,0
Team-48 cape,0
Team-49 cape,100
Team-5 cape,0
Team-50 cape,0
Team-6 cape,0
Team-7 cape,0
Team-8 cape,0
Team-9 cape,0
Teasing stick,0
Teleport to house,10,000
Thatch spar dense,0
Thatch spar light,0
Thatch spar med,0
Thin snail,0
Thin snail meat,0
Thorny hedge,0
Thread,7,000
Tiara,0
Tiara mould,0
Timber beam,0
Tin ore,13,000
Tinderbox,40
Toad batta,0
Toad crunchies,0
Toad's legs,0
Toadflax,12,000
Toadflax potion (unf),10,000
Toadflax seed,0
Toktz-ket-xil,0
Toktz-mej-tal,0
Toktz-xil-ak,0
Toktz-xil-ek,0
Toktz-xil-ul,0
Tomato,0
Tomato seed,0
Tomatoes(5),0
Tome of fire (empty),15
Tooth half of key,0
Top hat,0
Top hat &amp; monocle,0
Topaz amulet,0
Topaz amulet (u),0
Topaz bolt tips,0
Topaz bolts,0
Topaz bolts (e),0
Topaz bracelet,0
Topaz necklace,0
Topaz ring,0
Topiary hedge,0
Torag's armour set,8
Torag's hammers,15
Torag's hammers 0,0
Torag's helm,15
Torag's helm 0,0
Torag's platebody,15
Torag's platebody 0,0
Torag's platelegs,15
Torag's platelegs 0,0
Tormented bracelet,8
Torn prayer scroll,5
Torstol,2,000
Torstol potion (unf),2,000
Torstol seed,200
Tortoise shell,0
Torture ornament kit,4
Toxic blowpipe (empty),8
Toxic staff (uncharged),8
Toy cat,0
Toy doll,0
Toy doll (wound),0
Toy mouse,0
Toy mouse (wound),0
Toy soldier,0
Toy soldier (wound),0
Trading sticks,18,000
Treasonous ring,8
Triangle sandwich,0
Tribal mask,0
Tribal mask,0
Tribal mask,0
Tribal top,0
Tribal top,0
Tribal top,0
Tribal top,0
Trident of the seas (full),8
Trousers,0
Trousers,0
Trousers,0
Trout,6,000
Tuna,6,000
Tuna and corn,0
Tuna potato,0
Turquoise boots,0
Turquoise hat,0
Turquoise robe bottoms,0
Turquoise robe top,0
Twisted bow,8
Twisted buckler,8
Tyrannical ring,8
Tyras helm,0
Tzhaar-ket-em,0
Tzhaar-ket-om,70
Ugthanki &amp; onion,0
Ugthanki &amp; tomato,0
Ugthanki kebab,0
Ugthanki meat,0
Ultracompost,600
Unblessed symbol,0
Uncharged toxic trident,8
Uncharged trident,8
Uncooked apple pie,0
Uncooked berry pie,0
Uncooked botanical pie,0
Uncooked egg,0
Uncooked meat pie,0
Uncooked mushroom pie,0
Uncut diamond,10,000
Uncut dragonstone,0
Uncut emerald,10,000
Uncut jade,0
Uncut onyx,0
Uncut opal,10,000
Uncut red topaz,0
Uncut ruby,10,000
Uncut sapphire,10,000
Uncut zenyte,0
Unfinished broad bolts,7,000
Unfinished potion,2,000
Unfired bowl,0
Unfired pie dish,0
Unfired plant pot,0
Unfired pot,0
Unfired pot lid,0
Unholy blessing,5
Unholy book page set,0
Unholy symbol,0
Unicorn horn,13,000
Unicorn horn dust,0
Unlit bug lantern,0
Unlit torch,0
Unpowered orb,10,000
Unpowered symbol,0
Unstrung comp bow,0
Unstrung emblem,0
Unstrung heavy ballista,0
Unstrung light ballista,0
Unstrung symbol,0
Vampire dust,0
Varrock teleport,10,000
Veg ball,0
Vegetable batta,0
Verac's armour set,8
Verac's brassard,10
Verac's brassard 0,0
Verac's flail,15
Verac's flail 0,0
Verac's helm,10
Verac's helm 0,0
Verac's plateskirt,10
Verac's plateskirt 0,0
Vial,13,000
Vial of water,13,000
Villager armband,0
Villager armband,0
Villager armband,0
Villager armband,0
Villager hat,0
Villager hat,0
Villager hat,0
Villager hat,0
Villager robe,0
Villager robe,0
Villager robe,0
Villager robe,0
Villager sandals,0
Villager sandals,0
Villager sandals,0
Villager sandals,0
Vodka,0
Volcanic ash,0
Volcanic whip mix,6
Vyrewatch legs,0
Vyrewatch shoes,0
Vyrewatch top,0
War blessing,5
Ward upgrade kit,0
Warrior helm,0
Warrior ring,8
Watchtower teleport,0
Water battlestaff,14,000
Water orb,0
Water rune,20,000
Water talisman,0
Water tiara,0
Watering can,40
Watermelon,11,000
Watermelon seed,200
Watermelon slice,0
Waterskin(0),0
Waterskin(4),0
Weapon poison,0
Weapon poison(+),0
Weapon poison(++),0
Weeds,0
West ardougne teleport,0
Whisky,0
White 2h sword,0
White apron,0
White battleaxe,0
White bead,0
White beret,0
White berries,11,000
White boater,0
White boots,0
White cavalier,0
White chainbody,0
White claws,0
White dagger,0
White dagger(p),0
White dagger(p+),0
White dagger(p++),0
White dark bow paint,0
White elegant blouse,0
White elegant skirt,0
White firelighter,0
White flowers,0
White full helm,0
White gloves,100
White halberd,0
White headband,0
White kiteshield,0
White longsword,0
White mace,0
White magic staff,0
White med helm,0
White partyhat,5
White platebody,0
White platelegs,0
White plateskirt,0
White scimitar,0
White sq shield,0
White sword,0
White toy horsey,0
White unicorn mask,0
White warhammer,0
Whiteberry seed,0
Wild pie,0
Wildblood hops,0
Wildblood seed,0
Willow bird house,0
Willow blackjack,0
Willow blackjack(d),0
Willow blackjack(o),0
Willow branch,0
Willow comp bow,0
Willow logs,15,000
Willow longbow,14,000
Willow longbow (u),0
Willow pyre logs,0
Willow roots,0
Willow sapling,0
Willow seed,200
Willow shortbow,0
Willow shortbow (u),0
Willow stock,0
Wine of zamorak,10,000
Wizard blizzard,0
Wizard boots,8
Wizard hat,0
Wizard's mind bomb,0
Woad leaf,0
Woad seed,0
Wolf bones,0
Wolfbone arrowtips,0
Wood camo legs,0
Wood camo top,0
Wood dining table,0
Wooden bed,0
Wooden bench,0
Wooden cat,0
Wooden chair,0
Wooden shield,0
Wooden shield (g),5
Wooden spoon,0
Wooden stock,0
Wool,0
Worm batta,0
Worm crunchies,0
Worm hole,0
Woven top,0
Woven top,0
Woven top,0
Wrapped oomlie,0
Wyvern bones,7,500
Wyvern visage,0
Xerician fabric,0
Xerician hat,0
Xerician robe,0
Xerician top,0
Yak-hide,0
Yak-hide armour,70
Yak-hide armour,70
Yanillian hops,0
Yanillian seed,0
Yellow bead,0
Yellow boots,0
Yellow cape,0
Yellow dark bow paint,0
Yellow dye,0
Yellow feather,0
Yellow flowers,0
Yellow gloves,100
Yellow hat,0
Yellow partyhat,5
Yellow robe bottoms,0
Yellow robe top,0
Yew comp bow,8
Yew logs,12,000
Yew longbow,18,000
Yew longbow (u),10,000
Yew pyre logs,0
Yew roots,0
Yew sapling,200
Yew seed,200
Yew shortbow,0
Yew shortbow (u),0
Yew stock,0
Young impling jar,0
Zamorak armour set (lg),0
Zamorak armour set (sk),0
Zamorak bracers,8
Zamorak brew(1),2,000
Zamorak brew(2),2,000
Zamorak brew(3),2,000
Zamorak brew(4),2,000
Zamorak chaps,8
Zamorak cloak,8
Zamorak coif,0
Zamorak crozier,2
Zamorak d'hide,8
Zamorak d'hide boots,8
Zamorak dragonhide set,0
Zamorak full helm,0
Zamorak godsword,8
Zamorak godsword ornament kit,4
Zamorak hilt,0
Zamorak kiteshield,0
Zamorak mitre,0
Zamorak mix(1),0
Zamorak mix(2),0
Zamorak mjolnir,0
Zamorak page 1,5
Zamorak page 2,5
Zamorak page 3,5
Zamorak page 4,5
Zamorak platebody,0
Zamorak platelegs,0
Zamorak plateskirt,0
Zamorak robe,15
Zamorak robe,15
Zamorak robe legs,0
Zamorak robe top,0
Zamorak stole,0
Zamorak's grapes,0
Zamorakian hasta,8
Zamorakian spear,8
Zenyte,0
Zenyte amulet,0
Zenyte amulet (u),0
Zenyte bracelet,0
Zenyte necklace,0
Zenyte ring,0
Zenyte shard,0
Zogre bones,0
Zombie head,0
Zul-andra teleport,10,000
Zulrah's scales,30,000